parameter,value
BAM,/nfs/turbo/umms-atheylab/hrli/Code/dorado-run/Output/20250519_1041_MN48328_AYJ384_c3faa658_sup_v5.2.0_trim1_10.bam
END_REASONS,signal_positive|signal_negative|unblock_mux_change|mux_change
F5,/nfs/turbo/umms-atheylab/gregfar/SMS/SMS_POP_data/Single_Molecule_Seqeuncing_Cutting_Res_E/Regular/20250519_1041_MN48328_AYJ384_c3faa658/rdlu0053_20250519_1046_AYJ384_MN48328_sequencing_run_Regular_c3faa658_2e5a2515.fast5
FS,5000.0
MIN_Q,10
N,10
POD5_PATH,/nfs/turbo/umms-atheylab/gregfar/SMS/SMS_POP_data/Single_Molecule_Seqeuncing_Cutting_Res_E/Regular/20250519_1041_MN48328_AYJ384_c3faa658/pod5
POST,2000
PRE,2000
